{
    "document": "Form_5.jpg",
    "labels": [
        {
            "label": "Merchant",
            "key": null,
            "value": [
                {
                    "page": 1,
                    "text": "Hero",
                    "boundingBoxes": [
                        [
                            0.3658823529411765,
                            0.09409090909090909,
                            0.46352941176470586,
                            0.09272727272727273,
                            0.46294117647058824,
                            0.12090909090909091,
                            0.3652941176470588,
                            0.12090909090909091
                        ]
                    ]
                },
                {
                    "page": 1,
                    "text": "Limited",
                    "boundingBoxes": [
                        [
                            0.47705882352941176,
                            0.09272727272727273,
                            0.6323529411764706,
                            0.09181818181818181,
                            0.6323529411764706,
                            0.12090909090909091,
                            0.47705882352941176,
                            0.12090909090909091
                        ]
                    ]
                }
            ]
        },
        {
            "label": "PhoneNumber",
            "key": null,
            "value": [
                {
                    "page": 1,
                    "text": "555-348-6512",
                    "boundingBoxes": [
                        [
                            0.21588235294117647,
                            0.15954545454545455,
                            0.3111764705882353,
                            0.16,
                            0.3111764705882353,
                            0.17,
                            0.21588235294117647,
                            0.17181818181818181
                        ]
                    ]
                }
            ]
        },
        {
            "label": "Website",
            "key": null,
            "value": [
                {
                    "page": 1,
                    "text": "www.herolimited.com",
                    "boundingBoxes": [
                        [
                            0.16176470588235295,
                            0.17863636363636365,
                            0.31058823529411766,
                            0.17863636363636365,
                            0.3111764705882353,
                            0.19,
                            0.16117647058823528,
                            0.19045454545454546
                        ]
                    ]
                }
            ]
        },
        {
            "label": "DatedAs",
            "key": null,
            "value": [
                {
                    "page": 1,
                    "text": "02/09/2020",
                    "boundingBoxes": [
                        [
                            0.6858823529411765,
                            0.19090909090909092,
                            0.7747058823529411,
                            0.19090909090909092,
                            0.7747058823529411,
                            0.20454545454545456,
                            0.6852941176470588,
                            0.20454545454545456
                        ]
                    ]
                }
            ]
        },
        {
            "label": "Email",
            "key": null,
            "value": [
                {
                    "page": 1,
                    "text": "accounts@herolimited.com",
                    "boundingBoxes": [
                        [
                            0.0976470588235294,
                            0.22,
                            0.27941176470588236,
                            0.21818181818181817,
                            0.2782352941176471,
                            0.22863636363636364,
                            0.0976470588235294,
                            0.22863636363636364
                        ]
                    ]
                }
            ]
        },
        {
            "label": "PurchaseOrderNumber",
            "key": null,
            "value": [
                {
                    "page": 1,
                    "text": "2992848",
                    "boundingBoxes": [
                        [
                            0.7535294117647059,
                            0.20954545454545453,
                            0.8170588235294117,
                            0.20954545454545453,
                            0.8164705882352942,
                            0.22181818181818183,
                            0.7529411764705882,
                            0.22272727272727272
                        ]
                    ]
                }
            ]
        },
        {
            "label": "VendorName",
            "key": null,
            "value": [
                {
                    "page": 1,
                    "text": "Jack",
                    "boundingBoxes": [
                        [
                            0.20588235294117646,
                            0.2772727272727273,
                            0.2388235294117647,
                            0.2772727272727273,
                            0.23823529411764705,
                            0.2913636363636364,
                            0.20588235294117646,
                            0.2909090909090909
                        ]
                    ]
                },
                {
                    "page": 1,
                    "text": "Sprat",
                    "boundingBoxes": [
                        [
                            0.24176470588235294,
                            0.2772727272727273,
                            0.2811764705882353,
                            0.2772727272727273,
                            0.2811764705882353,
                            0.2918181818181818,
                            0.24176470588235294,
                            0.2913636363636364
                        ]
                    ]
                }
            ]
        },
        {
            "label": "CompanyName",
            "key": null,
            "value": [
                {
                    "page": 1,
                    "text": "Jackrabbit",
                    "boundingBoxes": [
                        [
                            0.2211764705882353,
                            0.29409090909090907,
                            0.2958823529411765,
                            0.29409090909090907,
                            0.2958823529411765,
                            0.30863636363636365,
                            0.2211764705882353,
                            0.30863636363636365
                        ]
                    ]
                },
                {
                    "page": 1,
                    "text": "Printing",
                    "boundingBoxes": [
                        [
                            0.3,
                            0.29409090909090907,
                            0.36,
                            0.29363636363636364,
                            0.3594117647058824,
                            0.30954545454545457,
                            0.3,
                            0.30863636363636365
                        ]
                    ]
                }
            ]
        },
        {
            "label": "CompanyAddress",
            "key": null,
            "value": [
                {
                    "page": 1,
                    "text": "342",
                    "boundingBoxes": [
                        [
                            0.16176470588235295,
                            0.31136363636363634,
                            0.19058823529411764,
                            0.31136363636363634,
                            0.19058823529411764,
                            0.3236363636363636,
                            0.16176470588235295,
                            0.3240909090909091
                        ]
                    ]
                },
                {
                    "page": 1,
                    "text": "W",
                    "boundingBoxes": [
                        [
                            0.19411764705882353,
                            0.31136363636363634,
                            0.20529411764705882,
                            0.31136363636363634,
                            0.20529411764705882,
                            0.3240909090909091,
                            0.19411764705882353,
                            0.3236363636363636
                        ]
                    ]
                },
                {
                    "page": 1,
                    "text": "Wrinkle",
                    "boundingBoxes": [
                        [
                            0.21411764705882352,
                            0.31136363636363634,
                            0.27176470588235296,
                            0.31136363636363634,
                            0.27176470588235296,
                            0.3240909090909091,
                            0.21411764705882352,
                            0.3240909090909091
                        ]
                    ]
                },
                {
                    "page": 1,
                    "text": "Road",
                    "boundingBoxes": [
                        [
                            0.2752941176470588,
                            0.31136363636363634,
                            0.3135294117647059,
                            0.31136363636363634,
                            0.3135294117647059,
                            0.3240909090909091,
                            0.2752941176470588,
                            0.3240909090909091
                        ]
                    ]
                },
                {
                    "page": 1,
                    "text": "Bozeman",
                    "boundingBoxes": [
                        [
                            0.16117647058823528,
                            0.3290909090909091,
                            0.22764705882352942,
                            0.3286363636363636,
                            0.22705882352941176,
                            0.34045454545454545,
                            0.16058823529411764,
                            0.34045454545454545
                        ]
                    ]
                },
                {
                    "page": 1,
                    "text": "MT",
                    "boundingBoxes": [
                        [
                            0.23176470588235293,
                            0.3286363636363636,
                            0.2570588235294118,
                            0.3286363636363636,
                            0.2564705882352941,
                            0.34045454545454545,
                            0.2311764705882353,
                            0.34045454545454545
                        ]
                    ]
                },
                {
                    "page": 1,
                    "text": "83839",
                    "boundingBoxes": [
                        [
                            0.26,
                            0.3286363636363636,
                            0.30470588235294116,
                            0.3286363636363636,
                            0.30470588235294116,
                            0.34,
                            0.25941176470588234,
                            0.34045454545454545
                        ]
                    ]
                }
            ]
        },
        {
            "label": "CompanyPhoneNumber",
            "key": null,
            "value": [
                {
                    "page": 1,
                    "text": "938-294-2949",
                    "boundingBoxes": [
                        [
                            0.5041176470588236,
                            0.3281818181818182,
                            0.6070588235294118,
                            0.3281818181818182,
                            0.6064705882352941,
                            0.34,
                            0.5041176470588236,
                            0.34045454545454545
                        ]
                    ]
                }
            ]
        },
        {
            "label": "Quantity",
            "key": null,
            "value": [
                {
                    "page": 1,
                    "text": "20",
                    "boundingBoxes": [
                        [
                            0.5064705882352941,
                            0.4959090909090909,
                            0.5252941176470588,
                            0.495,
                            0.5264705882352941,
                            0.5081818181818182,
                            0.5076470588235295,
                            0.509090909090909
                        ]
                    ]
                }
            ]
        },
        {
            "label": "Subtotal",
            "key": null,
            "value": [
                {
                    "page": 1,
                    "text": "$900.00",
                    "boundingBoxes": [
                        [
                            0.8405882352941176,
                            0.7140909090909091,
                            0.9,
                            0.7136363636363636,
                            0.9,
                            0.7263636363636363,
                            0.8405882352941176,
                            0.7268181818181818
                        ]
                    ]
                }
            ]
        },
        {
            "label": "Tax",
            "key": null,
            "value": [
                {
                    "page": 1,
                    "text": "$100.00",
                    "boundingBoxes": [
                        [
                            0.84,
                            0.7345454545454545,
                            0.9005882352941177,
                            0.7336363636363636,
                            0.9005882352941177,
                            0.7459090909090909,
                            0.8405882352941176,
                            0.7468181818181818
                        ]
                    ]
                }
            ]
        },
        {
            "label": "Signature",
            "key": null,
            "value": [
                {
                    "page": 1,
                    "text": "Wesley",
                    "boundingBoxes": [
                        [
                            0.3123529411764706,
                            0.759090909090909,
                            0.3735294117647059,
                            0.7595454545454545,
                            0.3729411764705882,
                            0.7777272727272727,
                            0.31176470588235294,
                            0.7781818181818182
                        ]
                    ]
                },
                {
                    "page": 1,
                    "text": "Smith",
                    "boundingBoxes": [
                        [
                            0.37823529411764706,
                            0.7595454545454545,
                            0.4323529411764706,
                            0.7595454545454545,
                            0.43176470588235294,
                            0.7786363636363637,
                            0.37823529411764706,
                            0.7777272727272727
                        ]
                    ]
                }
            ]
        },
        {
            "label": "Total",
            "key": null,
            "value": [
                {
                    "page": 1,
                    "text": "$1000.00",
                    "boundingBoxes": [
                        [
                            0.8305882352941176,
                            0.7595454545454545,
                            0.9,
                            0.7586363636363637,
                            0.9005882352941177,
                            0.7709090909090909,
                            0.8305882352941176,
                            0.7722727272727272
                        ]
                    ]
                }
            ]
        }
    ]
}