{
    "document": "Form_2.jpg",
    "labels": [
        {
            "label": "Merchant",
            "key": null,
            "value": [
                {
                    "page": 1,
                    "text": "Hero",
                    "boundingBoxes": [
                        [
                            0.3658823529411765,
                            0.09409090909090909,
                            0.46352941176470586,
                            0.09272727272727273,
                            0.46294117647058824,
                            0.12090909090909091,
                            0.3652941176470588,
                            0.12090909090909091
                        ]
                    ]
                },
                {
                    "page": 1,
                    "text": "Limited",
                    "boundingBoxes": [
                        [
                            0.47705882352941176,
                            0.09272727272727273,
                            0.6323529411764706,
                            0.09181818181818181,
                            0.6323529411764706,
                            0.12090909090909091,
                            0.47705882352941176,
                            0.12090909090909091
                        ]
                    ]
                }
            ]
        },
        {
            "label": "PhoneNumber",
            "key": null,
            "value": [
                {
                    "page": 1,
                    "text": "555-348-6512",
                    "boundingBoxes": [
                        [
                            0.2164705882352941,
                            0.15954545454545455,
                            0.31176470588235294,
                            0.16,
                            0.31176470588235294,
                            0.17,
                            0.2164705882352941,
                            0.17181818181818181
                        ]
                    ]
                }
            ]
        },
        {
            "label": "Website",
            "key": null,
            "value": [
                {
                    "page": 1,
                    "text": "www.herolimited.com",
                    "boundingBoxes": [
                        [
                            0.1623529411764706,
                            0.17863636363636365,
                            0.3088235294117647,
                            0.17909090909090908,
                            0.3088235294117647,
                            0.19,
                            0.16176470588235295,
                            0.19045454545454546
                        ]
                    ]
                }
            ]
        },
        {
            "label": "DatedAs",
            "key": null,
            "value": [
                {
                    "page": 1,
                    "text": "02/20/2020",
                    "boundingBoxes": [
                        [
                            0.6858823529411765,
                            0.19090909090909092,
                            0.7752941176470588,
                            0.19090909090909092,
                            0.7752941176470588,
                            0.20454545454545456,
                            0.6858823529411765,
                            0.20454545454545456
                        ]
                    ]
                }
            ]
        },
        {
            "label": "Email",
            "key": null,
            "value": [
                {
                    "page": 1,
                    "text": "accounts@herolimited.com",
                    "boundingBoxes": [
                        [
                            0.0976470588235294,
                            0.22,
                            0.27941176470588236,
                            0.21818181818181817,
                            0.2782352941176471,
                            0.22863636363636364,
                            0.0976470588235294,
                            0.22863636363636364
                        ]
                    ]
                }
            ]
        },
        {
            "label": "PurchaseOrderNumber",
            "key": null,
            "value": [
                {
                    "page": 1,
                    "text": "942448",
                    "boundingBoxes": [
                        [
                            0.7547058823529412,
                            0.20954545454545453,
                            0.8088235294117647,
                            0.21,
                            0.808235294117647,
                            0.22181818181818183,
                            0.7541176470588236,
                            0.22227272727272726
                        ]
                    ]
                }
            ]
        },
        {
            "label": "VendorName",
            "key": null,
            "value": [
                {
                    "page": 1,
                    "text": "Lori",
                    "boundingBoxes": [
                        [
                            0.2076470588235294,
                            0.2772727272727273,
                            0.23647058823529413,
                            0.2772727272727273,
                            0.23588235294117646,
                            0.29,
                            0.20705882352941177,
                            0.29
                        ]
                    ]
                },
                {
                    "page": 1,
                    "text": "Hanke",
                    "boundingBoxes": [
                        [
                            0.23941176470588235,
                            0.2772727272727273,
                            0.2876470588235294,
                            0.2768181818181818,
                            0.2876470588235294,
                            0.29,
                            0.23941176470588235,
                            0.29
                        ]
                    ]
                }
            ]
        },
        {
            "label": "CompanyName",
            "key": null,
            "value": [
                {
                    "page": 1,
                    "text": "Buzz",
                    "boundingBoxes": [
                        [
                            0.22294117647058823,
                            0.29454545454545455,
                            0.2576470588235294,
                            0.29454545454545455,
                            0.2570588235294118,
                            0.30863636363636365,
                            0.22294117647058823,
                            0.30863636363636365
                        ]
                    ]
                },
                {
                    "page": 1,
                    "text": "Clothing",
                    "boundingBoxes": [
                        [
                            0.2611764705882353,
                            0.29454545454545455,
                            0.32294117647058823,
                            0.29409090909090907,
                            0.32235294117647056,
                            0.30863636363636365,
                            0.2605882352941176,
                            0.30863636363636365
                        ]
                    ]
                }
            ]
        },
        {
            "label": "CompanyAddress",
            "key": null,
            "value": [
                {
                    "page": 1,
                    "text": "938",
                    "boundingBoxes": [
                        [
                            0.1623529411764706,
                            0.31136363636363634,
                            0.19176470588235295,
                            0.31136363636363634,
                            0.19117647058823528,
                            0.325,
                            0.1623529411764706,
                            0.3245454545454545
                        ]
                    ]
                },
                {
                    "page": 1,
                    "text": "N",
                    "boundingBoxes": [
                        [
                            0.19470588235294117,
                            0.31136363636363634,
                            0.20470588235294118,
                            0.31136363636363634,
                            0.20470588235294118,
                            0.325,
                            0.19411764705882353,
                            0.325
                        ]
                    ]
                },
                {
                    "page": 1,
                    "text": "Lumpy",
                    "boundingBoxes": [
                        [
                            0.21,
                            0.31136363636363634,
                            0.25941176470588234,
                            0.3118181818181818,
                            0.25941176470588234,
                            0.32636363636363636,
                            0.21,
                            0.32545454545454544
                        ]
                    ]
                },
                {
                    "page": 1,
                    "text": "Way",
                    "boundingBoxes": [
                        [
                            0.26294117647058823,
                            0.3118181818181818,
                            0.2952941176470588,
                            0.31227272727272726,
                            0.29470588235294115,
                            0.32727272727272727,
                            0.26235294117647057,
                            0.32636363636363636
                        ]
                    ]
                },
                {
                    "page": 1,
                    "text": "Denver,",
                    "boundingBoxes": [
                        [
                            0.16470588235294117,
                            0.3286363636363636,
                            0.2223529411764706,
                            0.3281818181818182,
                            0.22176470588235295,
                            0.34136363636363637,
                            0.16411764705882353,
                            0.34045454545454545
                        ]
                    ]
                },
                {
                    "page": 1,
                    "text": "CO",
                    "boundingBoxes": [
                        [
                            0.2252941176470588,
                            0.3281818181818182,
                            0.24529411764705883,
                            0.3281818181818182,
                            0.2447058823529412,
                            0.34136363636363637,
                            0.22470588235294117,
                            0.34136363636363637
                        ]
                    ]
                },
                {
                    "page": 1,
                    "text": "83757",
                    "boundingBoxes": [
                        [
                            0.25,
                            0.3281818181818182,
                            0.2952941176470588,
                            0.3281818181818182,
                            0.29470588235294115,
                            0.34136363636363637,
                            0.24941176470588236,
                            0.34136363636363637
                        ]
                    ]
                }
            ]
        },
        {
            "label": "CompanyPhoneNumber",
            "key": null,
            "value": [
                {
                    "page": 1,
                    "text": "435-395-3954",
                    "boundingBoxes": [
                        [
                            0.43941176470588234,
                            0.3281818181818182,
                            0.54,
                            0.3281818181818182,
                            0.5394117647058824,
                            0.34045454545454545,
                            0.43941176470588234,
                            0.3409090909090909
                        ]
                    ]
                }
            ]
        },
        {
            "label": "Quantity",
            "key": null,
            "value": [
                {
                    "page": 1,
                    "text": "10",
                    "boundingBoxes": [
                        [
                            0.508235294117647,
                            0.49772727272727274,
                            0.5252941176470588,
                            0.49727272727272726,
                            0.5258823529411765,
                            0.5081818181818182,
                            0.508235294117647,
                            0.5086363636363637
                        ]
                    ]
                }
            ]
        },
        {
            "label": "Subtotal",
            "key": null,
            "value": [
                {
                    "page": 1,
                    "text": "$600.00",
                    "boundingBoxes": [
                        [
                            0.8411764705882353,
                            0.7145454545454546,
                            0.9,
                            0.7136363636363636,
                            0.8994117647058824,
                            0.7263636363636363,
                            0.8411764705882353,
                            0.7268181818181818
                        ]
                    ]
                }
            ]
        },
        {
            "label": "Tax",
            "key": null,
            "value": [
                {
                    "page": 1,
                    "text": "$20.00",
                    "boundingBoxes": [
                        [
                            0.8494117647058823,
                            0.735,
                            0.9005882352941177,
                            0.7336363636363636,
                            0.9005882352941177,
                            0.7463636363636363,
                            0.8494117647058823,
                            0.7472727272727273
                        ]
                    ]
                }
            ]
        },
        {
            "label": "Signature",
            "key": null,
            "value": [
                {
                    "page": 1,
                    "text": "Diogo",
                    "boundingBoxes": [
                        [
                            0.29352941176470587,
                            0.7622727272727273,
                            0.3558823529411765,
                            0.7618181818181818,
                            0.3558823529411765,
                            0.7781818181818182,
                            0.29294117647058826,
                            0.7781818181818182
                        ]
                    ]
                },
                {
                    "page": 1,
                    "text": "Martin",
                    "boundingBoxes": [
                        [
                            0.36411764705882355,
                            0.7618181818181818,
                            0.4435294117647059,
                            0.7622727272727273,
                            0.4435294117647059,
                            0.7781818181818182,
                            0.3635294117647059,
                            0.7781818181818182
                        ]
                    ]
                }
            ]
        },
        {
            "label": "Total",
            "key": null,
            "value": [
                {
                    "page": 1,
                    "text": "$620.00",
                    "boundingBoxes": [
                        [
                            0.84,
                            0.7595454545454545,
                            0.9,
                            0.759090909090909,
                            0.9,
                            0.7709090909090909,
                            0.84,
                            0.7722727272727272
                        ]
                    ]
                }
            ]
        }
    ]
}