{
    "document": "Form_4.jpg",
    "labels": [
        {
            "label": "Merchant",
            "key": null,
            "value": [
                {
                    "page": 1,
                    "text": "Hero",
                    "boundingBoxes": [
                        [
                            0.3664705882352941,
                            0.09409090909090909,
                            0.4611764705882353,
                            0.09272727272727273,
                            0.46058823529411763,
                            0.12136363636363637,
                            0.3652941176470588,
                            0.12090909090909091
                        ]
                    ]
                },
                {
                    "page": 1,
                    "text": "Limited",
                    "boundingBoxes": [
                        [
                            0.47705882352941176,
                            0.09272727272727273,
                            0.6311764705882353,
                            0.09181818181818181,
                            0.6317647058823529,
                            0.12090909090909091,
                            0.4764705882352941,
                            0.12136363636363637
                        ]
                    ]
                }
            ]
        },
        {
            "label": "PhoneNumber",
            "key": null,
            "value": [
                {
                    "page": 1,
                    "text": "555-348-6512",
                    "boundingBoxes": [
                        [
                            0.21705882352941178,
                            0.15954545454545455,
                            0.31176470588235294,
                            0.16,
                            0.31176470588235294,
                            0.17,
                            0.21705882352941178,
                            0.17181818181818181
                        ]
                    ]
                }
            ]
        },
        {
            "label": "Website",
            "key": null,
            "value": [
                {
                    "page": 1,
                    "text": "www.herolimited.com",
                    "boundingBoxes": [
                        [
                            0.1623529411764706,
                            0.17545454545454545,
                            0.30823529411764705,
                            0.17545454545454545,
                            0.3088235294117647,
                            0.18636363636363637,
                            0.16176470588235295,
                            0.18681818181818183
                        ]
                    ]
                }
            ]
        },
        {
            "label": "Email",
            "key": null,
            "value": [
                {
                    "page": 1,
                    "text": "accounts@herolimited.com",
                    "boundingBoxes": [
                        [
                            0.14294117647058824,
                            0.19090909090909092,
                            0.3241176470588235,
                            0.19045454545454546,
                            0.3241176470588235,
                            0.20272727272727273,
                            0.14294117647058824,
                            0.20227272727272727
                        ]
                    ]
                }
            ]
        },
        {
            "label": "DatedAs",
            "key": null,
            "value": [
                {
                    "page": 1,
                    "text": "04/04/2020",
                    "boundingBoxes": [
                        [
                            0.6864705882352942,
                            0.19090909090909092,
                            0.7747058823529411,
                            0.19045454545454546,
                            0.7747058823529411,
                            0.20454545454545456,
                            0.6858823529411765,
                            0.20454545454545456
                        ]
                    ]
                }
            ]
        },
        {
            "label": "PurchaseOrderNumber",
            "key": null,
            "value": [
                {
                    "page": 1,
                    "text": "3929423",
                    "boundingBoxes": [
                        [
                            0.7541176470588236,
                            0.20954545454545453,
                            0.8170588235294117,
                            0.20954545454545453,
                            0.8164705882352942,
                            0.22227272727272726,
                            0.7535294117647059,
                            0.22272727272727272
                        ]
                    ]
                }
            ]
        },
        {
            "label": "VendorName",
            "key": null,
            "value": [
                {
                    "page": 1,
                    "text": "Seth",
                    "boundingBoxes": [
                        [
                            0.2076470588235294,
                            0.2772727272727273,
                            0.2411764705882353,
                            0.2772727272727273,
                            0.2411764705882353,
                            0.2909090909090909,
                            0.20705882352941177,
                            0.2909090909090909
                        ]
                    ]
                },
                {
                    "page": 1,
                    "text": "Stanley",
                    "boundingBoxes": [
                        [
                            0.24411764705882352,
                            0.2772727272727273,
                            0.29764705882352943,
                            0.2772727272727273,
                            0.29764705882352943,
                            0.2918181818181818,
                            0.24411764705882352,
                            0.2909090909090909
                        ]
                    ]
                }
            ]
        },
        {
            "label": "CompanyName",
            "key": null,
            "value": [
                {
                    "page": 1,
                    "text": "Yoga",
                    "boundingBoxes": [
                        [
                            0.2235294117647059,
                            0.29409090909090907,
                            0.26,
                            0.29409090909090907,
                            0.25882352941176473,
                            0.30863636363636365,
                            0.22294117647058823,
                            0.3090909090909091
                        ]
                    ]
                },
                {
                    "page": 1,
                    "text": "for",
                    "boundingBoxes": [
                        [
                            0.2635294117647059,
                            0.29409090909090907,
                            0.2847058823529412,
                            0.29409090909090907,
                            0.28352941176470586,
                            0.30818181818181817,
                            0.26235294117647057,
                            0.30863636363636365
                        ]
                    ]
                },
                {
                    "page": 1,
                    "text": "You",
                    "boundingBoxes": [
                        [
                            0.28823529411764703,
                            0.29409090909090907,
                            0.31470588235294117,
                            0.29409090909090907,
                            0.3135294117647059,
                            0.30772727272727274,
                            0.28705882352941176,
                            0.30818181818181817
                        ]
                    ]
                }
            ]
        },
        {
            "label": "CompanyAddress",
            "key": null,
            "value": [
                {
                    "page": 1,
                    "text": "343",
                    "boundingBoxes": [
                        [
                            0.16294117647058823,
                            0.31136363636363634,
                            0.19117647058823528,
                            0.31136363636363634,
                            0.19117647058823528,
                            0.3240909090909091,
                            0.1623529411764706,
                            0.3240909090909091
                        ]
                    ]
                },
                {
                    "page": 1,
                    "text": "E",
                    "boundingBoxes": [
                        [
                            0.19470588235294117,
                            0.31136363636363634,
                            0.20352941176470588,
                            0.31136363636363634,
                            0.20352941176470588,
                            0.3240909090909091,
                            0.19470588235294117,
                            0.3240909090909091
                        ]
                    ]
                },
                {
                    "page": 1,
                    "text": "Winter",
                    "boundingBoxes": [
                        [
                            0.20705882352941177,
                            0.31136363636363634,
                            0.25882352941176473,
                            0.31136363636363634,
                            0.25823529411764706,
                            0.3240909090909091,
                            0.20647058823529413,
                            0.3240909090909091
                        ]
                    ]
                },
                {
                    "page": 1,
                    "text": "Road",
                    "boundingBoxes": [
                        [
                            0.26176470588235295,
                            0.31136363636363634,
                            0.3,
                            0.31136363636363634,
                            0.3,
                            0.3240909090909091,
                            0.26176470588235295,
                            0.3240909090909091
                        ]
                    ]
                },
                {
                    "page": 1,
                    "text": "Seattle,",
                    "boundingBoxes": [
                        [
                            0.1635294117647059,
                            0.3286363636363636,
                            0.21941176470588236,
                            0.3286363636363636,
                            0.2188235294117647,
                            0.3409090909090909,
                            0.16294117647058823,
                            0.34045454545454545
                        ]
                    ]
                },
                {
                    "page": 1,
                    "text": "WA",
                    "boundingBoxes": [
                        [
                            0.2223529411764706,
                            0.3286363636363636,
                            0.2488235294117647,
                            0.3281818181818182,
                            0.24823529411764705,
                            0.3409090909090909,
                            0.22176470588235295,
                            0.3409090909090909
                        ]
                    ]
                },
                {
                    "page": 1,
                    "text": "93849",
                    "boundingBoxes": [
                        [
                            0.2529411764705882,
                            0.3281818181818182,
                            0.2988235294117647,
                            0.3281818181818182,
                            0.29823529411764704,
                            0.3409090909090909,
                            0.2523529411764706,
                            0.3409090909090909
                        ]
                    ]
                }
            ]
        },
        {
            "label": "CompanyPhoneNumber",
            "key": null,
            "value": [
                {
                    "page": 1,
                    "text": "234-986-6454",
                    "boundingBoxes": [
                        [
                            0.36058823529411765,
                            0.3281818181818182,
                            0.4623529411764706,
                            0.3277272727272727,
                            0.46176470588235297,
                            0.34,
                            0.36,
                            0.3409090909090909
                        ]
                    ]
                }
            ]
        },
        {
            "label": "Quantity",
            "key": null,
            "value": [
                {
                    "page": 1,
                    "text": "50",
                    "boundingBoxes": [
                        [
                            0.5076470588235295,
                            0.49727272727272726,
                            0.5252941176470588,
                            0.49727272727272726,
                            0.5252941176470588,
                            0.5081818181818182,
                            0.5076470588235295,
                            0.5081818181818182
                        ]
                    ]
                }
            ]
        },
        {
            "label": "Subtotal",
            "key": null,
            "value": [
                {
                    "page": 1,
                    "text": "$6750.00",
                    "boundingBoxes": [
                        [
                            0.8311764705882353,
                            0.7145454545454546,
                            0.9005882352941177,
                            0.7145454545454546,
                            0.9,
                            0.7268181818181818,
                            0.831764705882353,
                            0.7272727272727273
                        ]
                    ]
                }
            ]
        },
        {
            "label": "Tax",
            "key": null,
            "value": [
                {
                    "page": 1,
                    "text": "$600.00",
                    "boundingBoxes": [
                        [
                            0.8411764705882353,
                            0.7345454545454545,
                            0.9,
                            0.7345454545454545,
                            0.9,
                            0.7459090909090909,
                            0.8411764705882353,
                            0.7468181818181818
                        ]
                    ]
                }
            ]
        },
        {
            "label": "Signature",
            "key": null,
            "value": [
                {
                    "page": 1,
                    "text": "Josh",
                    "boundingBoxes": [
                        [
                            0.25,
                            0.7577272727272727,
                            0.2917647058823529,
                            0.7586363636363637,
                            0.29058823529411765,
                            0.775,
                            0.2488235294117647,
                            0.7731818181818182
                        ]
                    ]
                },
                {
                    "page": 1,
                    "text": "Granger",
                    "boundingBoxes": [
                        [
                            0.2952941176470588,
                            0.759090909090909,
                            0.3688235294117647,
                            0.7595454545454545,
                            0.3688235294117647,
                            0.7754545454545455,
                            0.29470588235294115,
                            0.775
                        ]
                    ]
                }
            ]
        },
        {
            "label": "Total",
            "key": null,
            "value": [
                {
                    "page": 1,
                    "text": "$7350.00",
                    "boundingBoxes": [
                        [
                            0.8311764705882353,
                            0.759090909090909,
                            0.9,
                            0.759090909090909,
                            0.9,
                            0.7713636363636364,
                            0.8311764705882353,
                            0.7718181818181818
                        ]
                    ]
                }
            ]
        }
    ]
}