{
    "document": "Form_1.jpg",
    "labels": [
        {
            "label": "Merchant",
            "key": null,
            "value": [
                {
                    "page": 1,
                    "text": "Hero",
                    "boundingBoxes": [
                        [
                            0.3658823529411765,
                            0.09409090909090909,
                            0.46352941176470586,
                            0.09272727272727273,
                            0.46294117647058824,
                            0.12090909090909091,
                            0.3652941176470588,
                            0.12090909090909091
                        ]
                    ]
                },
                {
                    "page": 1,
                    "text": "Limited",
                    "boundingBoxes": [
                        [
                            0.47705882352941176,
                            0.09272727272727273,
                            0.6323529411764706,
                            0.09181818181818181,
                            0.6323529411764706,
                            0.12090909090909091,
                            0.47705882352941176,
                            0.12090909090909091
                        ]
                    ]
                }
            ]
        },
        {
            "label": "PhoneNumber",
            "key": null,
            "value": [
                {
                    "page": 1,
                    "text": "555-348-6512",
                    "boundingBoxes": [
                        [
                            0.21588235294117647,
                            0.15954545454545455,
                            0.3111764705882353,
                            0.16,
                            0.3111764705882353,
                            0.17,
                            0.21588235294117647,
                            0.17181818181818181
                        ]
                    ]
                }
            ]
        },
        {
            "label": "Website",
            "key": null,
            "value": [
                {
                    "page": 1,
                    "text": "www.herolimited.com",
                    "boundingBoxes": [
                        [
                            0.16176470588235295,
                            0.17863636363636365,
                            0.31058823529411766,
                            0.17863636363636365,
                            0.3111764705882353,
                            0.19,
                            0.16117647058823528,
                            0.19045454545454546
                        ]
                    ]
                }
            ]
        },
        {
            "label": "DatedAs",
            "key": null,
            "value": [
                {
                    "page": 1,
                    "text": "12/20/2020",
                    "boundingBoxes": [
                        [
                            0.6876470588235294,
                            0.19136363636363637,
                            0.7747058823529411,
                            0.19090909090909092,
                            0.7747058823529411,
                            0.20454545454545456,
                            0.6870588235294117,
                            0.20454545454545456
                        ]
                    ]
                }
            ]
        },
        {
            "label": "Email",
            "key": null,
            "value": [
                {
                    "page": 1,
                    "text": "accounts@herolimited.com",
                    "boundingBoxes": [
                        [
                            0.0976470588235294,
                            0.22,
                            0.27941176470588236,
                            0.21818181818181817,
                            0.2782352941176471,
                            0.22863636363636364,
                            0.0976470588235294,
                            0.22863636363636364
                        ]
                    ]
                }
            ]
        },
        {
            "label": "PurchaseOrderNumber",
            "key": null,
            "value": [
                {
                    "page": 1,
                    "text": "948284",
                    "boundingBoxes": [
                        [
                            0.7547058823529412,
                            0.20954545454545453,
                            0.81,
                            0.21,
                            0.8094117647058824,
                            0.22181818181818183,
                            0.7541176470588236,
                            0.22227272727272726
                        ]
                    ]
                }
            ]
        },
        {
            "label": "VendorName",
            "key": null,
            "value": [
                {
                    "page": 1,
                    "text": "Balozi",
                    "boundingBoxes": [
                        [
                            0.20705882352941177,
                            0.2772727272727273,
                            0.25529411764705884,
                            0.2768181818181818,
                            0.25470588235294117,
                            0.2913636363636364,
                            0.20647058823529413,
                            0.2913636363636364
                        ]
                    ]
                },
                {
                    "page": 1,
                    "text": "Khamisi",
                    "boundingBoxes": [
                        [
                            0.25823529411764706,
                            0.2768181818181818,
                            0.30470588235294116,
                            0.2768181818181818,
                            0.30411764705882355,
                            0.2909090909090909,
                            0.2576470588235294,
                            0.2913636363636364
                        ]
                    ]
                }
            ]
        },
        {
            "label": "CompanyName",
            "key": null,
            "value": [
                {
                    "page": 1,
                    "text": "Higgly",
                    "boundingBoxes": [
                        [
                            0.22294117647058823,
                            0.29409090909090907,
                            0.26823529411764707,
                            0.29409090909090907,
                            0.2676470588235294,
                            0.31,
                            0.2223529411764706,
                            0.31
                        ]
                    ]
                },
                {
                    "page": 1,
                    "text": "Wiggly",
                    "boundingBoxes": [
                        [
                            0.27176470588235296,
                            0.29409090909090907,
                            0.32294117647058823,
                            0.29363636363636364,
                            0.32235294117647056,
                            0.30863636363636365,
                            0.2711764705882353,
                            0.31
                        ]
                    ]
                },
                {
                    "page": 1,
                    "text": "Books",
                    "boundingBoxes": [
                        [
                            0.3264705882352941,
                            0.29363636363636364,
                            0.37,
                            0.29363636363636364,
                            0.36941176470588233,
                            0.30727272727272725,
                            0.32588235294117646,
                            0.30863636363636365
                        ]
                    ]
                }
            ]
        },
        {
            "label": "CompanyAddress",
            "key": null,
            "value": [
                {
                    "page": 1,
                    "text": "938",
                    "boundingBoxes": [
                        [
                            0.16294117647058823,
                            0.31136363636363634,
                            0.19058823529411764,
                            0.31136363636363634,
                            0.19058823529411764,
                            0.3240909090909091,
                            0.16294117647058823,
                            0.3240909090909091
                        ]
                    ]
                },
                {
                    "page": 1,
                    "text": "NE",
                    "boundingBoxes": [
                        [
                            0.19411764705882353,
                            0.31136363636363634,
                            0.21470588235294116,
                            0.31136363636363634,
                            0.21470588235294116,
                            0.3240909090909091,
                            0.1935294117647059,
                            0.3240909090909091
                        ]
                    ]
                },
                {
                    "page": 1,
                    "text": "Burner",
                    "boundingBoxes": [
                        [
                            0.21764705882352942,
                            0.31136363636363634,
                            0.26823529411764707,
                            0.31136363636363634,
                            0.26823529411764707,
                            0.3240909090909091,
                            0.21764705882352942,
                            0.3240909090909091
                        ]
                    ]
                },
                {
                    "page": 1,
                    "text": "Road",
                    "boundingBoxes": [
                        [
                            0.27176470588235296,
                            0.31136363636363634,
                            0.30941176470588233,
                            0.3118181818181818,
                            0.30941176470588233,
                            0.3240909090909091,
                            0.2711764705882353,
                            0.3240909090909091
                        ]
                    ]
                },
                {
                    "page": 1,
                    "text": "Boulder",
                    "boundingBoxes": [
                        [
                            0.16411764705882353,
                            0.3286363636363636,
                            0.22058823529411764,
                            0.3277272727272727,
                            0.22,
                            0.3427272727272727,
                            0.1635294117647059,
                            0.3427272727272727
                        ]
                    ]
                },
                {
                    "page": 1,
                    "text": "City,",
                    "boundingBoxes": [
                        [
                            0.22411764705882353,
                            0.3277272727272727,
                            0.2570588235294118,
                            0.3277272727272727,
                            0.2564705882352941,
                            0.3422727272727273,
                            0.2235294117647059,
                            0.3427272727272727
                        ]
                    ]
                },
                {
                    "page": 1,
                    "text": "CO",
                    "boundingBoxes": [
                        [
                            0.2605882352941176,
                            0.3277272727272727,
                            0.2817647058823529,
                            0.3277272727272727,
                            0.2811764705882353,
                            0.3422727272727273,
                            0.26,
                            0.3422727272727273
                        ]
                    ]
                },
                {
                    "page": 1,
                    "text": "92848",
                    "boundingBoxes": [
                        [
                            0.2852941176470588,
                            0.3277272727272727,
                            0.3341176470588235,
                            0.3277272727272727,
                            0.3341176470588235,
                            0.34136363636363637,
                            0.2847058823529412,
                            0.3422727272727273
                        ]
                    ]
                }
            ]
        },
        {
            "label": "CompanyPhoneNumber",
            "key": null,
            "value": [
                {
                    "page": 1,
                    "text": "938-294-2949",
                    "boundingBoxes": [
                        [
                            0.4194117647058824,
                            0.3281818181818182,
                            0.52,
                            0.3281818181818182,
                            0.52,
                            0.34045454545454545,
                            0.4194117647058824,
                            0.3409090909090909
                        ]
                    ]
                }
            ]
        },
        {
            "label": "Quantity",
            "key": null,
            "value": [
                {
                    "page": 1,
                    "text": "20",
                    "boundingBoxes": [
                        [
                            0.5064705882352941,
                            0.4959090909090909,
                            0.5252941176470588,
                            0.495,
                            0.5264705882352941,
                            0.5081818181818182,
                            0.5076470588235295,
                            0.509090909090909
                        ]
                    ]
                }
            ]
        },
        {
            "label": "Subtotal",
            "key": null,
            "value": [
                {
                    "page": 1,
                    "text": "$140.00",
                    "boundingBoxes": [
                        [
                            0.8405882352941176,
                            0.7145454545454546,
                            0.9,
                            0.7136363636363636,
                            0.8994117647058824,
                            0.7268181818181818,
                            0.8405882352941176,
                            0.7268181818181818
                        ]
                    ]
                }
            ]
        },
        {
            "label": "Tax",
            "key": null,
            "value": [
                {
                    "page": 1,
                    "text": "$4.00",
                    "boundingBoxes": [
                        [
                            0.8594117647058823,
                            0.7340909090909091,
                            0.9,
                            0.7336363636363636,
                            0.9,
                            0.7459090909090909,
                            0.8594117647058823,
                            0.7463636363636363
                        ]
                    ]
                }
            ]
        },
        {
            "label": "Signature",
            "key": null,
            "value": [
                {
                    "page": 1,
                    "text": "Kidane",
                    "boundingBoxes": [
                        [
                            0.28411764705882353,
                            0.76,
                            0.3547058823529412,
                            0.7595454545454545,
                            0.35411764705882354,
                            0.7759090909090909,
                            0.28352941176470586,
                            0.7759090909090909
                        ]
                    ]
                },
                {
                    "page": 1,
                    "text": "Tsehaye",
                    "boundingBoxes": [
                        [
                            0.3611764705882353,
                            0.7595454545454545,
                            0.44941176470588234,
                            0.759090909090909,
                            0.44882352941176473,
                            0.7768181818181819,
                            0.36058823529411765,
                            0.7763636363636364
                        ]
                    ]
                }
            ]
        },
        {
            "label": "Total",
            "key": null,
            "value": [
                {
                    "page": 1,
                    "text": "$144.00",
                    "boundingBoxes": [
                        [
                            0.8405882352941176,
                            0.7595454545454545,
                            0.8994117647058824,
                            0.7586363636363637,
                            0.9,
                            0.7709090909090909,
                            0.8405882352941176,
                            0.7713636363636364
                        ]
                    ]
                }
            ]
        }
    ]
}